{
  "cell": "BNCI2014_001-LR",
  "layout": "(W, C)",
  "label_frac": 0.013877137978181242,
  "subject_frac": 0.892738443875896,
  "residual_frac": 0.0933844181459228,
  "null_label_frac_mean": 0.00038408899049884005,
  "null_subject_frac_mean": 0.003040345539442485,
  "excess_label_ratio": 1.3114378949094423,
  "excess_subject_ratio": 10.658120724339321,
  "c_bar_value": 0.02823087626009666,
  "c_bar_iqr_low": -0.052060126519824786,
  "c_bar_iqr_high": 0.09730887954164344,
  "c_bar_n_subjects_paired": 9,
  "layer_label_ba_first": NaN,
  "layer_label_ba_last": NaN,
  "layer_label_ba_max": NaN,
  "layer_argmax_depth": NaN,
  "state_drop": NaN,
  "subject_drop": NaN,
  "extraction": {
    "n_recordings": 18,
    "n_windows": 2592,
    "elapsed_s": 2.291673183441162
  },
  "layer_probe_supplied": false,
  "oneoverf_supplied": false,
  "erasure_rank_subject_axis": 8,
  "erasure_degenerate": false,
  "erasure_cond_shrunk": 847.8598524023303,
  "erasure_subj_ba_linear_pre": 0.6122222222222222,
  "erasure_subj_ba_linear_post": 0.05888888888888889,
  "erasure_subj_ba_mlp_post": 0.09777777777777778,
  "erasure_label_ba_raw": 0.6666666666666666,
  "erasure_label_ba_erased": 0.9629629629629629,
  "erasure_label_ba_delta": 0.2962962962962962,
  "erasure_label_ba_delta_std": 0.06928995160692483,
  "erasure_gate": 0.55,
  "erasure_interpretable": true,
  "erasure_supplied": true
}