{
  "n": 1534,
  "full": {
    "n_strong": 1,
    "participation_ratio": 87.67810449657536,
    "top": 0.6328019699341655,
    "mean": 0.03018998986997671
  },
  "residualized": {
    "n_strong": 0,
    "participation_ratio": 95.71845196277194,
    "top": 0.42049806578418164,
    "mean": 0.030014476445389897
  },
  "null_full": {
    "observed": 0.6328019699341655,
    "null_mean": 0.31699205337370756,
    "null_p95": 0.3622235703733485,
    "p_value": 0.002997002997002997,
    "n_perm": 1000
  },
  "null_resid": {
    "observed": 0.42049806578418164,
    "null_mean": 0.31867800091045756,
    "null_p95": 0.3654661535566134,
    "p_value": 0.024975024975024976,
    "n_perm": 1000
  },
  "rho_full": [
    0.6328019699341655,
    0.40267108603950535,
    0.38583958709917693,
    0.33556596976284103,
    0.3048064772115158,
    0.2949232892658947,
    0.2877832103408202,
    0.2670227698320272,
    0.25831301407855317,
    0.25224592248043964,
    0.2483956517445906,
    0.24236503530254117,
    0.23818382367107055,
    0.235858132852297,
    0.21838955815148195,
    0.2170086579155276,
    0.2097388770627585,
    0.20321546377155011,
    0.20018802328925078,
    0.19244768102763654
  ],
  "rho_resid": [
    0.42049806578418164,
    0.38974600685873373,
    0.3380721002512491,
    0.31324453162160454,
    0.3082800488942475,
    0.29241255054138326,
    0.27073841873454896,
    0.26879173334817535,
    0.25768461311632873,
    0.25213756581840885,
    0.24804144729013322,
    0.2419602473274635,
    0.23895444522981207,
    0.22315306317187578,
    0.22123766948386483,
    0.2140465561865705,
    0.2078551226822729,
    0.20542187928110564,
    0.1986184934170072,
    0.19501754662049436
  ]
}