{
  "r2_eeg": 0.5745867534683315,
  "r2_anat": 0.6547045541172416,
  "r2_joint": 0.7200521194437204,
  "redundant": 0.5092391881418528,
  "eeg_unique": 0.06534756532647878,
  "anat_unique": 0.14546536597538884,
  "redundant_fraction": 0.8862703239640898,
  "eeg_unique_fraction": 0.11372967603591026,
  "n": 1534,
  "grid": 8
}